e4fb1efa-7565-11ed-8544-847573cc1445.jpg,"['163 DB', '5481']"
e745b711-7565-11ed-94d9-847573cc1445.jpg,['TN 63 DB 5481']
e8d1658d-7565-11ed-b644-847573cc1445.jpg,['TN 63 DB 5481']
ea3cd8d9-7565-11ed-93c9-847573cc1445.jpg,['TN 63 DB 5481']
eba87cec-7565-11ed-ad6d-847573cc1445.jpg,['TN 63 DB 5481']
ed1c8f96-7565-11ed-869f-847573cc1445.jpg,['TN 63 DB 5481']
eed9da35-7565-11ed-a7bb-847573cc1445.jpg,['TN 63 DB 5481']
89ff3da2-7566-11ed-913d-847573cc1445.jpg,['MP 1nC48824']
8b6c397b-7566-11ed-95c5-847573cc1445.jpg,['MP13C48822']
8ce36742-7566-11ed-8b0b-847573cc1445.jpg,"['MP', '13C48827']"
8e461249-7566-11ed-860e-847573cc1445.jpg,['MP 13C48821']
8faa33d2-7566-11ed-a8b4-847573cc1445.jpg,['MP 13C4882']
9113b127-7566-11ed-86d8-847573cc1445.jpg,['MP 13C48822']
92852224-7566-11ed-8785-847573cc1445.jpg,['MP13C48822']
93ff9d4c-7566-11ed-a8b0-847573cc1445.jpg,['VP13c48822 ']
95759b56-7566-11ed-8e51-847573cc1445.jpg,['MP13C48822']
96e73935-7566-11ed-982d-847573cc1445.jpg,"['MP', '13C48822']"
6f2ed770-756d-11ed-8569-847573cc1445.jpg,['L8bt4983']
7098ff56-756d-11ed-9292-847573cc1445.jpg,['65.44383']
71f9de7a-756d-11ed-bf98-847573cc1445.jpg,['65 H 4383']
73503cd9-756d-11ed-ac96-847573cc1445.jpg,['65 H 4383']
74a9fe6e-756d-11ed-bcfa-847573cc1445.jpg,['65H4383']
76068959-756d-11ed-9ffa-847573cc1445.jpg,['B5 H4383']
775e0a92-756d-11ed-bba9-847573cc1445.jpg,['KL 85 H 4383']
78b9af75-756d-11ed-94b7-847573cc1445.jpg,['65 H 4383']
7a19b808-756d-11ed-8bef-847573cc1445.jpg,['KL 85 H 4383']
7b997820-756d-11ed-9a5f-847573cc1445.jpg,['4W7']
a70674fa-75e4-11ed-bdbe-5c879c65374a.jpg,[]
a93bbae0-75e4-11ed-8b48-5c879c65374a.jpg,"['6J03L', 'Ko563']"
aac8f54e-75e4-11ed-88b7-5c879c65374a.jpg,"['6J0Z', 'Skoecs']"
ac5376f2-75e4-11ed-ac03-5c879c65374a.jpg,"['GJO3L', '""Koees']"
adcfd347-75e4-11ed-a7d9-5c879c65374a.jpg,"['GJO2L', 'Ko563']"
af48e2f6-75e4-11ed-b8a6-5c879c65374a.jpg,"['6J0Z', 'Ko563']"
3a58767c-9e09-11ed-a977-f24c9a08c2f0.jpg,['MHLOBE2665']
3bc066cb-9e09-11ed-b9eb-f24c9a08c2f0.jpg,['HHLOBE2665']
3d3ada2b-9e09-11ed-a304-f24c9a08c2f0.jpg,['MHLOBE2665']
3eb4182e-9e09-11ed-add5-f24c9a08c2f0.jpg,['MHLOBE2665']
40c9052b-9e09-11ed-b1d1-f24c9a08c2f0.jpg,['MHLOBE2665']
42a3c210-9e09-11ed-b5c7-f24c9a08c2f0.jpg,['MHLOBE2665']
44259a5c-9e09-11ed-afec-f24c9a08c2f0.jpg,['MHLOBE2665']
45a7725c-9e09-11ed-a32e-f24c9a08c2f0.jpg,['MHLOBE2665']
ad58b29b-9e09-11ed-bb7f-f24c9a08c2f0.jpg,['TNOZCML123']
b2811223-9e09-11ed-8fe5-f24c9a08c2f0.jpg,['TNOZCML123']
b4836ede-9e09-11ed-85c7-f24c9a08c2f0.jpg,['TNOZCML123']
b70fb2cd-9e09-11ed-bf48-f24c9a08c2f0.jpg,"[""'TNO7CML123|""]"
ba3440ec-9e09-11ed-b06e-f24c9a08c2f0.jpg,['TNOZCML123']
be03641a-9e09-11ed-81ed-f24c9a08c2f0.jpg,['TNO7CML12']
c087412d-9e09-11ed-bc0e-f24c9a08c2f0.jpg,['INO7CML123']
c2fcfc92-9e09-11ed-98c6-f24c9a08c2f0.jpg,['TNO7CML123']
c697963f-9e09-11ed-aecc-f24c9a08c2f0.jpg,['TNOZCML123']
ca23700c-9e09-11ed-a30f-f24c9a08c2f0.jpg,['TNO7CH41z3']
19b4cd76-a076-11ed-a4fe-bac1a9ba746e.jpg,['TN 63 DB 5481']
1cf1e6a1-a076-11ed-be39-bac1a9ba746e.jpg,['TN 63 DB 5481']
1e629730-a076-11ed-8430-bac1a9ba746e.jpg,['Tn 63 DB 5481']
25d033b8-b40b-11ed-9b08-e1a0ed75b459.jpg,"['Tn63 DB', '548/']"
27a1eae2-b40b-11ed-8f68-e1a0ed75b459.jpg,['TN 63']
2a612c25-b40b-11ed-bf1a-e1a0ed75b459.jpg,['TN 63 @B 5481']
2c3a717e-b40b-11ed-8787-e1a0ed75b459.jpg,['TN 63 DB 5481']
2e680c95-b40b-11ed-8159-e1a0ed75b459.jpg,['TN 63 DB 5481']
5eb97c27-b8b5-11ed-8189-e1a0ed75b459.jpg,['[H gObE2665|']
604a9b97-b8b5-11ed-a3d6-e1a0ed75b459.jpg,['MHLOBE2665']
61d4a2ac-b8b5-11ed-8b3e-e1a0ed75b459.jpg,['MHLOBE2665']
63ec7067-b8b5-11ed-89e2-e1a0ed75b459.jpg,['INHZOBE2665]']
6570c301-b8b5-11ed-a091-e1a0ed75b459.jpg,['MHLOBE2665]']
66fb02de-b8b5-11ed-83f9-e1a0ed75b459.jpg,['MHGOBE2665']
687a637b-b8b5-11ed-82b0-e1a0ed75b459.jpg,['MHLOBE2665']
6a088282-b8b5-11ed-aa31-e1a0ed75b459.jpg,['MHLOBE2665']
6b8ca122-b8b5-11ed-a276-e1a0ed75b459.jpg,['NHLOBE2665']
6d1b3a56-b8b5-11ed-b929-e1a0ed75b459.jpg,['NHLOBE2665']
6ebc52a3-b8b5-11ed-9ba5-e1a0ed75b459.jpg,['INHLOBE2665']
7ee99cad-b8b5-11ed-81f2-e1a0ed75b459.jpg,['TN 63 DB 5481']
8063dffd-b8b5-11ed-9be5-e1a0ed75b459.jpg,['TN 63 DB 5481']
81e57f6e-b8b5-11ed-ace8-e1a0ed75b459.jpg,"['Tn 63 @B', '5481']"
83629866-b8b5-11ed-a5ba-e1a0ed75b459.jpg,"['Tn 63 DB ', '5481']"
84df50ec-b8b5-11ed-b241-e1a0ed75b459.jpg,['TN 63 DB 5481']
865c9835-b8b5-11ed-ab2b-e1a0ed75b459.jpg,['TN 63 DB 5481']
5aeb1aad-cd2b-11ed-90d1-950342bfbb55.jpg,[]
5c71a78e-cd2b-11ed-80cc-950342bfbb55.jpg,[]
5de94c97-cd2b-11ed-9164-950342bfbb55.jpg,[]
60615e8f-cd2b-11ed-b751-950342bfbb55.jpg,[]
61e2dd56-cd2b-11ed-b5a6-950342bfbb55.jpg,[]
634acf5a-cd2b-11ed-9170-950342bfbb55.jpg,[]
65962c07-cd2b-11ed-9ebd-950342bfbb55.jpg,[]
671a3099-cd2b-11ed-b5ae-950342bfbb55.jpg,[]
689508e1-cd2b-11ed-a380-950342bfbb55.jpg,[]
727ac83a-cd2b-11ed-97e0-950342bfbb55.jpg,[]
7406d6db-cd2b-11ed-a13d-950342bfbb55.jpg,['0X69 SDL']
7628c5d2-cd2b-11ed-8024-950342bfbb55.jpg,[]
77aa82a8-cd2b-11ed-a6cf-950342bfbb55.jpg,['Ox69 SDL']
7932d047-cd2b-11ed-879d-950342bfbb55.jpg,['0X69 SDL']
7ab5f795-cd2b-11ed-b0e9-950342bfbb55.jpg,['0X69 SDL']
55e710af-e213-11ed-ac38-9584ddc54bce.jpg,[]
576d951c-e213-11ed-9837-9584ddc54bce.jpg,['ILZCQ 1939']
58e5eacb-e213-11ed-bb7f-9584ddc54bce.jpg,['DL 7c0 1939']
5a5c4fcf-e213-11ed-8a9b-9584ddc54bce.jpg,['7c0 1939']
5beadc09-e213-11ed-8544-9584ddc54bce.jpg,['DL 7c0 1939']
5d739f71-e213-11ed-b430-9584ddc54bce.jpg,['DL 7c0 1939']
5ef2559d-e213-11ed-9168-9584ddc54bce.jpg,['DL 7c0 1939']
6080be92-e213-11ed-888e-9584ddc54bce.jpg,['DL 7c0 1939']
61fe7757-e213-11ed-97c1-9584ddc54bce.jpg,['DL 7c0 1939']
6380ca17-e213-11ed-baeb-9584ddc54bce.jpg,['DL 7c0 1939']
81cfa755-e213-11ed-b61f-9584ddc54bce.jpg,['utt']
8344b76d-e213-11ed-8659-9584ddc54bce.jpg,['HrPe8402zu']
84b2bdc6-e213-11ed-8895-9584ddc54bce.jpg,['4a2eerezzo']
861d5134-e213-11ed-bf69-9584ddc54bce.jpg,['CR2q8*i8zz0']
8786db30-e213-11ed-b3b5-9584ddc54bce.jpg,['[nerzzd']
88e7bc62-e213-11ed-9136-9584ddc54bce.jpg,['G2EL127d']
8a5c829d-e213-11ed-98bd-9584ddc54bce.jpg,['L7327']
8bbb457a-e213-11ed-a8cd-9584ddc54bce.jpg,[]
8d2bd583-e213-11ed-a99c-9584ddc54bce.jpg,['Ha28D']
8e993e51-e213-11ed-9274-9584ddc54bce.jpg,['9768m8271']
90074ae0-e213-11ed-a91e-9584ddc54bce.jpg,"['027', 'MasaM']"
a8551b4d-e213-11ed-96ce-9584ddc54bce.jpg,['HRzoLP0<']
ab25e68c-e213-11ed-923b-9584ddc54bce.jpg,['HRZGEPOL']
ae7eb4a0-e213-11ed-bdba-9584ddc54bce.jpg,['HRZGEPOL']
b058f7be-e213-11ed-be35-9584ddc54bce.jpg,['HRZBEPOL']
bfd46ee0-e213-11ed-82ed-9584ddc54bce.jpg,[]
c140c347-e213-11ed-afb0-9584ddc54bce.jpg,"['L4BH', '4928']"
c2b40b36-e213-11ed-848e-9584ddc54bce.jpg,"['QBH', '4928 ']"
c41c4a77-e213-11ed-8001-9584ddc54bce.jpg,"['42BH', '4928']"
c586b511-e213-11ed-a076-9584ddc54bce.jpg,"['LZBH', '4928']"
c6fb74c4-e213-11ed-8e52-9584ddc54bce.jpg,"['42 BH', '4928']"
c870a518-e213-11ed-9db5-9584ddc54bce.jpg,"['X2BH ', 'L928']"
c9d70dc0-e213-11ed-a501-9584ddc54bce.jpg,"['42 BH', 'L928']"
cb4492a7-e213-11ed-8f1d-9584ddc54bce.jpg,"['LZ BH', '4928']"
cd38690a-e213-11ed-8ba7-9584ddc54bce.jpg,"['1ZBH', '4928']"
cea4a045-e213-11ed-8d94-9584ddc54bce.jpg,"['A', '722 BH', '4928']"
d00e1a10-e213-11ed-847c-9584ddc54bce.jpg,"['A', '22 BH', 'L928']"
d1862adc-e213-11ed-8373-9584ddc54bce.jpg,"['A', '22 BH', '4928']"
d2effdf6-e213-11ed-805c-9584ddc54bce.jpg,"['""22 BH', 'L928 A']"
d460a84c-e213-11ed-8a62-9584ddc54bce.jpg,"['22 BH', 'L928 A']"
f468de1f-e213-11ed-aa6b-9584ddc54bce.jpg,['63 DB 5481']
faa3b863-e213-11ed-8ad5-9584ddc54bce.jpg,['TN 63 DB 5481']
fc3163bd-e213-11ed-aca9-9584ddc54bce.jpg,['TN 63 DB 5481']
fe8f5560-e213-11ed-8ce0-9584ddc54bce.jpg,['TN 63 DB 5481']
0035ae10-e214-11ed-8350-9584ddc54bce.jpg,['TN 63 @B 5481']
52c99485-e214-11ed-aa36-9584ddc54bce.jpg,['TN 63 DB 5481']
56eefae3-e214-11ed-a523-9584ddc54bce.jpg,['TN 63 DB 5481']
35ceaef7-e215-11ed-adf8-9584ddc54bce.jpg,"['DB 5481', 'TN 63']"
3a614ff9-e215-11ed-b468-9584ddc54bce.jpg,['TN 63 DB 5481']
10e1c55f-e33f-11ed-a6cd-9584ddc54bce.jpg,['MHLOBE2665']
1270b891-e33f-11ed-8993-9584ddc54bce.jpg,['MHLOBE2665']
13e8c7cd-e33f-11ed-8cab-9584ddc54bce.jpg,['MHLOBE2665']
15668cb8-e33f-11ed-98ab-9584ddc54bce.jpg,['MHLOBE2665']
16ee0023-e33f-11ed-b442-9584ddc54bce.jpg,['NHLOBE2665']
64617508-e344-11ed-b79e-9584ddc54bce.jpg,['TN 63 DB 5481']
65ec67bd-e344-11ed-9cf1-9584ddc54bce.jpg,['TN 63 DB 5481']
6c24fd40-e344-11ed-8460-9584ddc54bce.jpg,['TN 63 DB 5481']
d35406f1-e345-11ed-b30a-9584ddc54bce.jpg,['NHLOBE2665']
d4d7e346-e345-11ed-a9f9-9584ddc54bce.jpg,['MHLOBE2665']
d7dc9177-e345-11ed-9272-9584ddc54bce.jpg,['MHLOBE2665']
